,Date,text,ID,Username
0,2020-04-20 18:37:05,https://t.co/eyoNYGygyv,1252305304114561032,FoxNews
1,2020-04-20 11:07:13,https://t.co/6b3uAy8f8m,1252192088508313601,FoxNews
2,2020-04-20 01:52:55,https://t.co/5nZYckOFRE,1252052594979192832,FoxNews
3,2020-04-20 00:41:49,https://t.co/H3E9uM88MY,1252034702329946115,FoxNews
4,2020-04-19 23:37:10,https://t.co/Sp01aJJcSX,1252018434445099008,FoxNews
5,2020-04-19 22:07:27,https://t.co/OQXqSaEdc5,1251995853805535239,FoxNews
6,2020-04-19 21:02:26,https://t.co/ztTuqclHe7,1251979493608173574,FoxNews
7,2020-04-19 19:51:20,https://t.co/babbj2B8sR,1251961601030307842,FoxNews
8,2020-04-19 18:33:40,https://t.co/KBcY1YT95I,1251942055691071490,FoxNews
9,2020-04-19 15:15:23,https://t.co/A5OqYMSAIY,1251892155309854720,FoxNews
10,2020-04-19 11:36:36,https://t.co/ggikcxlQum,1251837097348128769,FoxNews
11,2020-04-19 01:05:58,https://t.co/T0nLJnndSO,1251678393290145792,FoxNews
12,2020-04-18 21:07:07,https://t.co/DdFHYfFlIY,1251618282534326280,FoxNews
13,2020-04-18 20:01:56,https://t.co/VZaoqxctRJ,1251601878196125696,FoxNews
14,2020-04-18 18:49:44,https://t.co/nMMIQ7IBEB,1251583709909856256,FoxNews
15,2020-04-18 14:34:32,https://t.co/js07Q3t47A,1251519489176473600,FoxNews
16,2020-04-18 14:33:11,https://t.co/kluPFRZt1E,1251519148888330240,FoxNews
17,2020-04-18 02:24:11,https://t.co/Zu8ra9Gsn7,1251335686646648837,FoxNews
18,2020-04-18 01:34:01,https://t.co/HJGBAotPMz,1251323062290731011,FoxNews
19,2020-04-18 00:17:53,https://t.co/LdalD3jKbV,1251303902974300170,FoxNews
20,2020-04-17 23:11:13,https://t.co/ka2cuMMnH8,1251287125049384960,FoxNews
21,2020-04-17 21:53:55,https://t.co/F1J1QbxjkB,1251267675092910080,FoxNews
22,2020-04-17 20:59:07,https://t.co/FkDxmu2yK0,1251253884103860226,FoxNews
23,2020-04-17 20:32:19,https://t.co/MB4GKQjHrt,1251247138887139329,FoxNews
24,2020-04-17 19:06:41,https://t.co/wVdR52wGKh,1251225588054007808,FoxNews
25,2020-04-17 18:12:57,https://t.co/bKQNPtnun2,1251212063608799234,FoxNews
26,2020-04-17 13:13:22,https://t.co/5u4aviivIq,1251136671049023493,FoxNews
27,2020-04-17 10:10:06,https://t.co/9wtLOsterl,1251090550889099266,FoxNews
28,2020-04-17 02:25:58,https://t.co/hVnvmd4M0a,1250973749295427587,FoxNews
29,2020-04-17 01:48:29,https://t.co/q4khWRHhza,1250964315596873730,FoxNews
30,2020-04-17 00:34:58,https://t.co/40DfCir5nb,1250945814006022144,FoxNews
31,2020-04-16 23:24:50,https://t.co/rCNoSoWCoD,1250928164500656128,FoxNews
32,2020-04-16 21:54:41,https://t.co/t3XN9wYYcw,1250905478701428737,FoxNews
33,2020-04-16 20:24:17,https://t.co/it0s2g2qCa,1250882729752879115,FoxNews
34,2020-04-16 17:30:07,https://t.co/JWLMXPghLK,1250838899561283592,FoxNews
35,2020-04-16 15:37:44,https://t.co/NBEqoOi3hT,1250810615591034880,FoxNews
36,2020-04-16 15:23:02,https://t.co/gENmwai9zD,1250806918194573312,FoxNews
37,2020-04-16 15:21:33,https://t.co/MHsz2oGL5K,1250806543173455876,FoxNews
38,2020-04-16 02:03:36,https://t.co/8rGZYpnOJe,1250605731960827905,FoxNews
39,2020-04-16 01:18:29,https://t.co/cwiZqHq8MC,1250594380274073600,FoxNews
40,2020-04-16 00:26:27,https://t.co/BusJkFK0lB,1250581282175832064,FoxNews
41,2020-04-15 23:44:47,https://t.co/w5tZEFn3bL,1250570800425586690,FoxNews
42,2020-04-15 21:38:45,https://t.co/8vf8w9nKBw,1250539080204652546,FoxNews
43,2020-04-15 20:05:33,https://t.co/qEVCrNTh20,1250515624851394560,FoxNews
44,2020-04-15 18:33:32,https://t.co/iFY6mQKNKB,1250492469524996097,FoxNews
45,2020-04-15 17:50:24,https://t.co/jPGY3NgHfv,1250481615198998535,FoxNews
46,2020-04-15 17:37:28,https://t.co/nT5QAKQoxu,1250478361094361090,FoxNews
47,2020-04-15 17:36:24,https://t.co/kMx79ReHzA,1250478092201721864,FoxNews
48,2020-04-15 17:09:32,https://t.co/mohOiLpsnR,1250471332502003712,FoxNews
49,2020-04-15 02:13:29,https://t.co/RBTzCbZMfV,1250245831875350534,FoxNews
50,2020-04-15 01:08:26,https://t.co/oUCitwwR1b,1250229461481594881,FoxNews
51,2020-04-15 00:06:37,https://t.co/WduMO7HQuk,1250213906678759424,FoxNews
52,2020-04-14 23:06:13,https://t.co/HPtoFUuOrL,1250198705363435527,FoxNews
53,2020-04-14 21:52:13,https://t.co/bHXeeTuDpS,1250180083702259714,FoxNews
54,2020-04-14 20:37:57,https://t.co/E4jOyT9vbp,1250161393501966339,FoxNews
55,2020-04-14 15:45:54,https://t.co/U4FhKAJkls,1250087896247394305,FoxNews
56,2020-04-14 14:28:40,https://t.co/54yHLm2ktQ,1250068460819939328,FoxNews
57,2020-04-14 13:42:37,https://t.co/HEEZtTtPJ3,1250056870632599558,FoxNews
58,2020-04-14 02:02:56,https://t.co/y6ICVXVFSz,1249880789719941120,FoxNews
59,2020-04-14 01:18:25,https://t.co/vnPv27vm1X,1249869585374994432,FoxNews
60,2020-04-13 23:58:39,https://t.co/8rN5D4VLux,1249849513067634689,FoxNews
61,2020-04-13 22:54:46,https://t.co/LQGn7KPkWZ,1249833436132622337,FoxNews
62,2020-04-13 21:23:37,https://t.co/ZLcBnSKWxW,1249810498675245056,FoxNews
63,2020-04-13 20:16:54,https://t.co/3DdMcs7Bpl,1249793708473581573,FoxNews
64,2020-04-13 18:21:25,https://t.co/W2wX5n8AEf,1249764646761922561,FoxNews
65,2020-04-13 17:05:39,https://t.co/12ea9fUcnR,1249745579619618816,FoxNews
66,2020-04-13 16:51:44,https://t.co/YK6JNrngcr,1249742075177906182,FoxNews
67,2020-04-13 01:53:31,https://t.co/V0pbbtYu7c,1249516030097002502,FoxNews
68,2020-04-13 00:51:59,https://t.co/ENXPbuIEpc,1249500545078956032,FoxNews
69,2020-04-13 00:04:28,https://t.co/mIybjheQbh,1249488588955418635,FoxNews
70,2020-04-12 23:04:50,https://t.co/UCJwyiP9Ij,1249473582905937926,FoxNews
71,2020-04-12 22:21:02,https://t.co/m56Io6Qxra,1249462559088009216,FoxNews
72,2020-04-12 20:41:30,https://t.co/3hoVhq1rp7,1249437508905119753,FoxNews
73,2020-04-12 19:34:15,https://t.co/XZ9WrrQZl3,1249420588168470528,FoxNews
74,2020-04-12 18:47:22,https://t.co/mPbmPmEFL0,1249408785585758210,FoxNews
75,2020-04-12 16:32:18,https://t.co/mP31ocn9SQ,1249374797244649472,FoxNews
76,2020-04-12 15:39:12,https://t.co/ZxdC2Q5dV5,1249361435907493890,FoxNews
77,2020-04-12 15:38:52,https://t.co/omdR0o6IaN,1249361348162699269,FoxNews
78,2020-04-12 14:42:03,https://t.co/VFX3I1cc1p,1249347053374836740,FoxNews
79,2020-04-12 12:52:08,https://t.co/xg39YKMKGp,1249319390404845569,FoxNews
80,2020-04-12 12:40:27,https://t.co/0fb1d2ghJy,1249316450529153026,FoxNews
81,2020-04-12 01:20:38,https://t.co/bipvN17ZCz,1249145368316698626,FoxNews
82,2020-04-11 21:10:41,https://t.co/zJbVSkccUX,1249082466222080000,FoxNews
83,2020-04-11 19:45:40,https://t.co/xYbp612xZu,1249061072960618497,FoxNews
84,2020-04-11 18:49:55,https://t.co/OekSeEofyY,1249047041357107204,FoxNews
85,2020-04-11 02:16:55,https://t.co/Eyi80N1EaX,1248797143281827841,FoxNews
86,2020-04-11 02:11:14,https://t.co/xM5oHFQkJq,1248795712810336256,FoxNews
87,2020-04-11 00:55:17,https://t.co/7AAQcAw5KE,1248776601518641152,FoxNews
88,2020-04-11 00:01:00,https://t.co/qlFDvrSuFl,1248762941295509506,FoxNews
89,2020-04-10 23:44:44,https://t.co/mfJzuwbN2K,1248758848585900032,FoxNews
90,2020-04-10 22:00:08,https://t.co/iEMSowWT3e,1248732521543733249,FoxNews
91,2020-04-10 21:04:17,https://t.co/tFuHQpFc6q,1248718469157326849,FoxNews
92,2020-04-10 20:03:38,https://t.co/wpaas22dIy,1248703205497765889,FoxNews
93,2020-04-10 19:00:12,https://t.co/F33ICEfHJs,1248687240357822469,FoxNews
94,2020-04-10 16:15:47,https://t.co/mulq3dw2up,1248645863423049740,FoxNews
95,2020-04-10 14:55:40,https://t.co/RxiU1Bb1WW,1248625702426963968,FoxNews
96,2020-04-10 14:05:53,https://t.co/Do3ot9GLi6,1248613172900065286,FoxNews
97,2020-04-10 02:37:51,https://t.co/EpKJhQELbR,1248440025022377985,FoxNews
98,2020-04-10 01:43:36,https://t.co/kd4OWeoZk1,1248426371535126528,FoxNews
99,2020-04-10 01:10:16,https://t.co/16pCKkwhyw,1248417982113406978,FoxNews
100,2020-04-10 00:28:19,https://t.co/TlLZDJWIsH,1248407427873046529,FoxNews
101,2020-04-09 23:55:41,https://t.co/7O4LNUExS7,1248399214377238530,FoxNews
102,2020-04-09 22:15:21,https://t.co/192Q8J0rCw,1248373963501137929,FoxNews
103,2020-04-09 19:26:06,https://t.co/dnjbvXzUcv,1248331370683916294,FoxNews
104,2020-04-09 17:59:19,https://t.co/fB4IhSiodE,1248309531077152776,FoxNews
105,2020-04-09 17:51:24,https://t.co/JcRzDwZWzS,1248307537721556993,FoxNews
106,2020-04-09 13:10:33,https://t.co/PwqG5BZilb,1248236862948474880,FoxNews
107,2020-04-09 12:39:35,https://t.co/vs9u1ilGeA,1248229069101154309,FoxNews
108,2020-04-09 02:27:02,https://t.co/so4hyHLumz,1248074915548364806,FoxNews
109,2020-04-09 01:25:03,https://t.co/YNqeyAB621,1248059316164321285,FoxNews
110,2020-04-09 00:50:39,https://t.co/gd5pfcNkp7,1248050657929637889,FoxNews
111,2020-04-08 23:55:59,https://t.co/ULZFh2QkM5,1248036903003271169,FoxNews
112,2020-04-08 22:58:30,https://t.co/0PguKRBzid,1248022436697837568,FoxNews
113,2020-04-08 22:08:46,https://t.co/b8ezmi948m,1248009919070007296,FoxNews
114,2020-04-08 18:10:27,https://t.co/aJAzrj0my3,1247949947791646720,FoxNews
115,2020-04-08 12:03:43,https://t.co/b0JNf4empk,1247857653759586304,FoxNews
116,2020-04-08 09:59:02,https://t.co/l7Dv1TwALM,1247826275210756096,FoxNews
117,2020-04-08 02:55:47,https://t.co/h2z8cQaHYG,1247719761586409472,FoxNews
118,2020-04-08 02:42:40,https://t.co/A9JD0X8mia,1247716461990359041,FoxNews
119,2020-04-08 01:59:51,https://t.co/d8xTerNYo8,1247705685095264256,FoxNews
120,2020-04-08 01:25:09,https://t.co/Y5zidHFQzw,1247696951782584320,FoxNews
121,2020-04-08 00:36:14,https://t.co/DJoul4a75r,1247684643899539457,FoxNews
122,2020-04-07 21:57:27,https://t.co/2bH4SWHSTG,1247644682471047176,FoxNews
123,2020-04-07 20:59:23,https://t.co/0Ob6HOR5XV,1247630069595545601,FoxNews
124,2020-04-07 16:32:13,https://t.co/DSm62fYDGN,1247562838455005184,FoxNews
125,2020-04-07 15:47:05,https://t.co/UKHu7bRqkg,1247551476756553731,FoxNews
126,2020-04-07 15:15:36,https://t.co/aphHTiI9Rf,1247543556589436929,FoxNews
127,2020-04-07 10:25:26,https://t.co/8u7q8K9lZ9,1247470533475794946,FoxNews
128,2020-04-07 02:24:29,https://t.co/29diVvapx8,1247349499103784961,FoxNews
129,2020-04-07 01:50:18,https://t.co/iXDxrRalX7,1247340895013306370,FoxNews
130,2020-04-07 00:50:41,https://t.co/mKZS5h6GX5,1247325891933462532,FoxNews
131,2020-04-06 21:41:39,https://t.co/i0cVLmTtiE,1247278320246497286,FoxNews
132,2020-04-06 19:46:58,https://t.co/Sfzp0GKxf0,1247249458099892226,FoxNews
133,2020-04-06 19:06:28,https://t.co/LfmugVGFha,1247239265400033282,FoxNews
134,2020-04-06 17:52:16,https://t.co/sjU8MlA8Rj,1247220593637961728,FoxNews
135,2020-04-06 16:26:51,https://t.co/TwqhRLDWxn,1247199099537051648,FoxNews
136,2020-04-06 15:39:44,https://t.co/PSNpjYtJ6x,1247187239106490371,FoxNews
137,2020-04-06 15:38:29,https://t.co/VRBY3I7Xfh,1247186927134146560,FoxNews
138,2020-04-06 02:02:08,https://t.co/Uub0pBlIp3,1246981486915567618,FoxNews
139,2020-04-06 01:08:28,Tune in now! https://t.co/y1W1HURDhH,1246967979801272322,FoxNews
141,2020-04-06 00:30:14,https://t.co/CA7hYblqwP,1246958357837201410,FoxNews
142,2020-04-05 22:29:56,https://t.co/ZDg7agcAm1,1246928083581644813,FoxNews
143,2020-04-05 21:28:21,https://t.co/s4p9OqIViX,1246912585942908928,FoxNews
144,2020-04-05 20:52:01,https://t.co/FNA6CAxIJI,1246903440313397248,FoxNews
145,2020-04-05 20:06:38,https://t.co/5Km9Pdpmxe,1246892019999440897,FoxNews
146,2020-04-05 18:18:12,https://t.co/6KO2PwE2yS,1246864732562362374,FoxNews
147,2020-04-05 17:47:12,https://t.co/1Wh3GMFm80,1246856931760844802,FoxNews
148,2020-04-05 17:33:14,https://t.co/5GSFr6rI2N,1246853416208474113,FoxNews
149,2020-04-05 16:56:33,https://t.co/LE1aXwc8AY,1246844182523674629,FoxNews
150,2020-04-05 16:25:03,https://t.co/nRA6EO937c,1246836257365331974,FoxNews
151,2020-04-05 16:01:44,https://t.co/Fxu1dhUeGi,1246830388523274241,FoxNews
152,2020-04-05 15:55:44,https://t.co/dZaTfUgChJ,1246828878443749386,FoxNews
153,2020-04-05 15:36:56,https://t.co/I2cRUMDbBY,1246824148053221377,FoxNews
154,2020-04-05 15:23:07,https://t.co/UW8bQkBK7i,1246820672006995969,FoxNews
155,2020-04-05 14:53:31,https://t.co/vnlhfKBEvw,1246813223313121280,FoxNews
156,2020-04-05 14:47:33,https://t.co/lk5kQ9n56g,1246811721878179844,FoxNews
157,2020-04-05 14:37:20,https://t.co/RDtt8gBq9c,1246809150471970817,FoxNews
158,2020-04-05 14:17:44,https://t.co/mx1hpF4FS1,1246804215470657537,FoxNews
159,2020-04-05 14:03:31,https://t.co/ROC0ofCbmI,1246800640795443205,FoxNews
160,2020-04-05 13:36:15,https://t.co/nQWZ1d2D1G,1246793778532409354,FoxNews
161,2020-04-05 12:22:49,https://t.co/bhwVaqBPtn,1246775296956805121,FoxNews
162,2020-04-05 11:22:31,https://t.co/duNIkHh0d1,1246760122568847360,FoxNews
163,2020-04-05 10:58:28,https://t.co/foGRSQ2jQE,1246754071345795072,FoxNews
164,2020-04-05 10:48:30,https://t.co/gSjzv9hOlp,1246751562736766983,FoxNews
165,2020-04-05 02:09:10,https://t.co/9HsKNy2rWg,1246620867808956416,FoxNews
166,2020-04-05 01:35:20,https://t.co/eSQYyzW50o,1246612351899652098,FoxNews
167,2020-04-05 00:32:36,https://t.co/csQTjQOQXz,1246596564694548480,FoxNews
168,2020-04-04 23:53:34,https://t.co/wb0WYs2ZED,1246586742012096515,FoxNews
169,2020-04-04 21:55:22,https://t.co/pODWUhlJUg,1246556997744500736,FoxNews
170,2020-04-04 20:14:03,https://t.co/fULiaRmnEz,1246531500679598082,FoxNews
171,2020-04-04 19:03:49,https://t.co/rF6maLdeQM,1246513822984278016,FoxNews
172,2020-04-04 17:31:51,https://t.co/YIXb9Ums2U,1246490680052125707,FoxNews
173,2020-04-04 14:53:36,https://t.co/VorFtxltmN,1246450853374017539,FoxNews
174,2020-04-04 14:18:19,https://t.co/sUVE5AVQlF,1246441975517253632,FoxNews
175,2020-04-04 11:41:49,https://t.co/QEfH3CMMXp,1246402592831389701,FoxNews
176,2020-04-04 02:20:50,https://t.co/AKdwRY4EHh,1246261416509800448,FoxNews
177,2020-04-04 01:05:19,https://t.co/wA1tUBbtmo,1246242411111755779,FoxNews
178,2020-04-04 00:07:45,https://t.co/Yg0DPEof7D,1246227925466320896,FoxNews
179,2020-04-03 23:13:35,https://t.co/ksABbboBek,1246214291696553994,FoxNews
180,2020-04-03 22:00:40,https://t.co/CKmQmsPJ1U,1246195942715543555,FoxNews
181,2020-04-03 21:02:46,https://t.co/Rfrnuid8rn,1246181370944249858,FoxNews
182,2020-04-03 19:53:03,https://t.co/9FU9A36yQs,1246163826040541184,FoxNews
183,2020-04-03 18:59:04,https://t.co/7CzVy23L9L,1246150242728316931,FoxNews
184,2020-04-03 12:36:59,https://t.co/OXHrKN0ekb,1246054088040685571,FoxNews
185,2020-04-03 01:57:58,https://t.co/2gOqD84HhV,1245893271173423106,FoxNews
186,2020-04-03 01:23:07,https://t.co/WZsAJeD6cA,1245884502523744261,FoxNews
187,2020-04-03 00:43:21,https://t.co/8ZjOqBeUik,1245874495669362689,FoxNews
188,2020-04-02 22:42:00,https://t.co/oXTesu4VUq,1245843958053232641,FoxNews
189,2020-04-02 21:09:25,https://t.co/t4wb81fyp1,1245820656660381697,FoxNews
190,2020-04-02 20:47:40,https://t.co/uPK42QyDJ2,1245815183966117889,FoxNews
191,2020-04-02 19:57:11,https://t.co/vwWnyCWkUv,1245802477183795200,FoxNews
192,2020-04-02 19:15:19,https://t.co/oRK6fU1LI7,1245791944602718211,FoxNews
193,2020-04-02 16:05:21,https://t.co/u9sIzZTlbO,1245744137762193409,FoxNews
194,2020-04-02 16:03:40,https://t.co/obe9whPmbo,1245743713336332291,FoxNews
195,2020-04-02 12:57:52,https://t.co/fB1tmwME6O,1245696954111340544,FoxNews
196,2020-04-02 12:56:38,https://t.co/vFkMhMbkUP,1245696643523129344,FoxNews
197,2020-04-02 01:47:35,Closed indefinitely: Grand Canyon National Park is now off-limits to visitors after an employee tested positive for… https://t.co/LUGuvwZ3Md,1245528271879581696,FoxNews
198,2020-04-02 00:55:55,"Fountains of Wayne co-frontman Adam Schlesinger, a Grammy-winning musician and songwriter, has died from coronaviru… https://t.co/wsEELAG5Sq",1245515271500189698,FoxNews
199,2020-04-01 23:37:27,First responders and hospital workers on the front lines of the coronavirus crisis are at risk of bringing the illn… https://t.co/uUtBUlbIqB,1245495523160789003,FoxNews
200,2020-04-01 21:45:38,"China lied about coronavirus outbreak figures, putting the world in jeopardy, U.S. intelligence agents say. https://t.co/gQNoHatkf1",1245467385030729729,FoxNews
201,2020-04-01 19:14:16,EXCLUSIVE: Joe Biden is offering to call President Trump to discuss a strategy to combat the coronavirus pandemic r… https://t.co/4jGGy5cIbU,1245429289136410624,FoxNews
202,2020-04-01 09:26:51,https://t.co/X2cMkVchx9,1245281464054435841,FoxNews
203,2020-04-01 02:08:23,Researchers are racing to determine who is more likely to get infected or succumb to COVID-19. https://t.co/jEjVi18g6T,1245171119918845952,FoxNews
204,2020-04-01 01:02:20,A woman's Facebook post about getting restaurant meals to health workers in the coronavirus fight has helped inspir… https://t.co/B0wHN1sd6J,1245154495375474691,FoxNews
205,2020-04-01 00:19:38,A Chicago Bears wide receiver is on a mission to feed children in communities hit hard by the coronavirus pandemic. https://t.co/9KZXyycmOc,1245143750743068675,FoxNews
206,2020-03-31 23:41:32,A member of the New Jersey National Guard who died from the coronavirus had started showing symptoms just days befo… https://t.co/djgjfK4q66,1245134160659955712,FoxNews
207,2020-03-31 22:39:43,"President Trump has warned the U.S. is in for ""a very painful two weeks."" https://t.co/TbE83nG5tz",1245118605236277248,FoxNews
208,2020-03-31 19:58:50,"Take precautions before you exercise, researchers say. https://t.co/Fk2LCF1JdQ",1245078119553384448,FoxNews
209,2020-03-31 15:11:53,"Tackling coronavirus
https://t.co/3NKE2bYxNN",1245005905969717248,FoxNews
210,2020-03-31 14:31:44,https://t.co/EKfIB2lMgL,1244995800054272003,FoxNews
211,2020-03-31 13:46:14,https://t.co/KIoT2VnC0t,1244984349780574208,FoxNews
212,2020-03-31 10:43:20,https://t.co/bdUjwpQNqe,1244938321110937601,FoxNews
213,2020-03-31 01:55:27,Army researchers at Fort Detrick are fast at work testing treatment options with an eye toward eventually finding a… https://t.co/oNS6mOoN2W,1244805474035384320,FoxNews
214,2020-03-31 01:24:14,"FOX and iHeart Media’s ""Living Room Concert for America"" has raised nearly $8 million and counting for Feeding Amer… https://t.co/HGLLYhJFzn",1244797619928432643,FoxNews
215,2020-03-31 00:26:42,"A New Jersey National Guardsman has died after being hospitalized for over a week, becoming the first U.S. service… https://t.co/i1clfWXPvb",1244783141157511168,FoxNews
216,2020-03-30 22:16:06,President Trump announced the U.S. has tested over 1 million people for the coronavirus as he unveiled a new rapid… https://t.co/nIMrKgQziQ,1244750276176773122,FoxNews
217,2020-03-30 21:33:14,President Trump and the White House coronavirus task force are giving updates on the fight as the number of cases g… https://t.co/nJTXEjjyGl,1244739488494039043,FoxNews
218,2020-03-30 20:06:32,Dr. Tom Frieden: Coronavirus straight talk – the letter that should be sent to every American https://t.co/yNVDK4AHwP,1244717670160896002,FoxNews
219,2020-03-30 13:55:14,"Help arrives
https://t.co/gpJwYL4m4A",1244624225509478404,FoxNews
220,2020-03-30 13:11:28,"Fox News exclusive:
https://t.co/bbfpny8vnr",1244613211900575745,FoxNews
221,2020-03-30 02:51:36,"The USNS Comfort, a massive Navy hospital ship, is scheduled to arrive in New York City on Monday. https://t.co/7rgh6NHE0O",1244457218960961537,FoxNews
222,2020-03-29 22:36:21,"President Trump declared that ""the peak in death rate"" in the coronavirus pandemic ""is likely to hit in two weeks,""… https://t.co/Z9BSX3dmxe",1244392983769821185,FoxNews
223,2020-03-29 21:47:47,President Trump and the coronavirus task force are giving updates on their response to the pandemic. Live coverage… https://t.co/ZqmOQCkQZE,1244380760196501512,FoxNews
224,2020-03-27 17:37:51,"Deal gets done
https://t.co/sBWQzRCVM5",1243593085344415748,FoxNews
225,2020-03-27 17:29:18,https://t.co/gpRBJyszLZ,1243590933830041602,FoxNews
226,2020-03-27 02:20:27,President Trump hammered two governors after they criticized the federal government's response to the coronavirus p… https://t.co/hdi2nZqFlE,1243362216201478146,FoxNews
227,2020-03-27 01:05:26,"Lawmakers have said they're worried a Republican House member could ""go rogue"" and possibly scuttle a vote on the $… https://t.co/St4vhil7Us",1243343337152749580,FoxNews
228,2020-03-27 00:18:19,President Trump announced he will be traveling on Saturday to Virginia to send off a Navy hospital ship headed to t… https://t.co/dwQQri3ych,1243331481969266701,FoxNews
229,2020-03-26 23:36:50,"The United States has overtaken China and Italy in confirmed coronavirus cases, a grim milestone reported by Johns… https://t.co/xg12HGgtU1",1243321039741956096,FoxNews
230,2020-03-26 22:38:45,President Trump’s overall job approval ticks up while nine in 10 voters say they're concerned about the spread of c… https://t.co/LcTzbRnX62,1243306425301991425,FoxNews
231,2020-03-26 21:30:39,Today's briefing from President Trump and the coronavirus task force is getting underway. Live coverage on Fox News… https://t.co/UfVw8y4Zd1,1243289285287084032,FoxNews
232,2020-03-26 20:56:45,President Trump says his administration is working to publish new guidelines that will advise governors in states a… https://t.co/FK3Q5sCEX3,1243280754051813382,FoxNews
233,2020-03-26 18:16:34,https://t.co/WFjjEE9goX,1243240444550680576,FoxNews
234,2020-03-26 17:07:50,https://t.co/GhhO7DlsXe,1243223145684885504,FoxNews
235,2020-03-26 15:05:52,"From the front lines:
https://t.co/eSIaoqLawZ",1243192452741292033,FoxNews
236,2020-03-26 13:13:36,"Jobless claims shatter record
https://t.co/qeljQY8FRa",1243164198810550272,FoxNews
237,2020-03-26 13:11:41,"Labor gains
https://t.co/TY4MvYJn5F",1243163716880867329,FoxNews
238,2020-03-26 01:08:13,"The long-awaited Senate vote on the coronavirus stimulus compromise bill is finally imminent Wednesday night, Fox N… https://t.co/fuOiq3htVt",1242981649727528960,FoxNews
239,2020-03-26 00:47:23,Dr. Marc Siegel warns that New York City hospitals are already “stretched thin” with patients “overflowing wards.” https://t.co/IHEpZBY81Y,1242976406121975809,FoxNews
240,2020-03-25 23:51:57,"As the coronavirus continues to tear through the United States, frontline health-care workers are not only in the l… https://t.co/44TCv2VbkE",1242962456542089216,FoxNews
241,2020-03-25 22:42:54,"President Trump signaled his support for the massive stimulus bill being ironed out in the Senate, and called on Co… https://t.co/HW2M8KHj0W",1242945079393869824,FoxNews
242,2020-03-25 21:58:09,WATCH LIVE: President Trump and the White House coronavirus task force are holding a briefing before an expected Se… https://t.co/9NvZfpwS0Z,1242933818090303488,FoxNews
243,2020-03-25 21:41:28,"BREAKING: Robert Levinson, a retired FBI agent and private investigator who disappeared in 2007, is believed to hav… https://t.co/9uAGtnZRth",1242929618111299593,FoxNews
244,2020-03-25 19:14:14,Some Republican senators are warning they will oppose the $2 trillion coronavirus response package unless a “massiv… https://t.co/fTs2IDnUEy,1242892566577717248,FoxNews
245,2020-03-25 11:53:46,"Royal scare
https://t.co/MLRlNzj42J",1242781720807702529,FoxNews
246,2020-03-25 02:35:19,Tensions have ratcheted up again on Capitol Hill -- with Sen. Lindsey Graham taking to the Senate floor and calling… https://t.co/mF4ZcFnB4O,1242641181961596928,FoxNews
247,2020-03-24 23:48:44,The White House warned people who recently have left the New York City metropolitan area to self-quarantine for 14… https://t.co/e6miIS3s55,1242599259268100102,FoxNews
248,2020-03-24 22:50:21,President Trump emphasized his hope that the U.S. largely will reopen for business by Easter -- as his top economic… https://t.co/tIT4SdENPx,1242584568022130690,FoxNews
249,2020-03-24 21:47:43,WATCH LIVE: President Trump and the coronavirus task force are giving updates on the latest efforts to curb the out… https://t.co/slpHwap6FC,1242568805487951877,FoxNews
250,2020-03-24 21:10:55,President Trump said state governors have the responsibility of purchasing vital medical supplies in the event of a… https://t.co/8S2q02wU6T,1242559542665363456,FoxNews
251,2020-03-24 20:17:40,President Trump said he wants the country's economy re-opened by Easter. https://t.co/sx7LxOP7G5,1242546143818657799,FoxNews
252,2020-03-24 15:44:40,Watch Fox News' virtual coronavirus town hall with President Trump live at noon ET on Fox News Channel or at… https://t.co/pqQwhxYNcK,1242477441882509312,FoxNews
253,2020-03-24 11:57:14,"House measure faults China for coronavirus response
https://t.co/b0HdMGaavx",1242420206342897665,FoxNews
254,2020-03-23 23:44:01,Fox News Channel is hosting a special two-hour virtual town hall with President Trump and members of the White Hous… https://t.co/fbQal3LSHm,1242235686327144454,FoxNews
255,2020-03-23 23:09:49,"President Trump has demanded the Senate ""stop playing partisan politics"" and pass a massive stimulus bill meant to… https://t.co/JyzEw9PKko",1242227076830199816,FoxNews
256,2020-03-23 22:15:21,"WATCH LIVE: President Trump, Attorney General Bill Barr and members of the coronavirus task force are speaking at a… https://t.co/7PNol9hpsl",1242213372151635969,FoxNews
257,2020-03-23 20:47:13,Britain's big move: Prime Minister Boris Johnson has ordered the closure of most stores and banned gatherings for t… https://t.co/KQjyBMkwAz,1242191191392882689,FoxNews
258,2020-03-23 18:16:39,"Coronavirus bill blocked by Dems for second time
https://t.co/jljwoa0CCG",1242153299895373826,FoxNews
259,2020-03-23 14:38:55,"Secret weapon against coronavirus?
https://t.co/WEQ7oxxvo7",1242098504182398977,FoxNews
260,2020-03-23 12:37:00,"Biden briefings begin
https://t.co/20veDaSvKQ",1242067825637961728,FoxNews
261,2020-03-23 02:40:27,"Rep. Ben McAdams of Utah says he was hospitalized days after he was diagnosed with the coronavirus, but he's doing… https://t.co/LTqra59UZt",1241917697824296963,FoxNews
262,2020-03-23 01:40:04,"Check out Neil Diamond's update of ""Sweet Caroline"" with a coronavirus theme. https://t.co/ebbiLwSNCp",1241902500766257152,FoxNews
263,2020-03-22 23:41:38,"President Trump, at this evening's White House briefing, outlined broad measures to combat coronavirus in the harde… https://t.co/xDZYgsj7mV",1241872697145143296,FoxNews
264,2020-03-22 22:57:19,"At an impasse: The GOP-controlled Senate failed to move forward with considering the ""Phase Three"" stimulus package… https://t.co/WGUIeDrjbQ",1241861542993330177,FoxNews
265,2020-03-22 22:02:58,WATCH LIVE: President Trump and members of the coronavirus task force are speaking at the White House. https://t.co/7NvwzPACeY,1241847867184209928,FoxNews
266,2020-03-22 19:37:31,German Chancellor Angela Merkel has gone into quarantine after a doctor who recently had contact with her tested po… https://t.co/iXMCoWLeTZ,1241811260976529408,FoxNews
267,2020-03-22 17:47:58,BREAKING: Sen. Rand Paul announced he has tested positive for the coronavirus. https://t.co/bB3NJjbbnu,1241783694622367746,FoxNews
268,2020-03-22 01:06:16,"Pences in the clear
https://t.co/qw0JGmlpP3",1241531608013910021,FoxNews
269,2020-03-21 18:18:18,"Garden State shuts down
https://t.co/fpHbgNSD8l",1241428940956278784,FoxNews
270,2020-03-21 17:49:36,https://t.co/ERbdtrYq9O,1241421717089681412,FoxNews
271,2020-03-21 13:34:53,"Help on the way
https://t.co/z4H7pkPzVo",1241357613893328896,FoxNews
272,2020-03-20 22:53:52,https://t.co/z6NbS7YNyr,1241135898345046016,FoxNews
273,2020-03-20 22:04:33,"Illinois issues 'stay at home' order
https://t.co/OprmQguhww",1241123488297033734,FoxNews
274,2020-03-20 16:25:43,"Clampdown at the border
https://t.co/OKFTQ1auIv",1241038221275955202,FoxNews
275,2020-03-20 13:47:39,"Golden State hunkers down
https://t.co/rNYBys4DlR",1240998440764690432,FoxNews
276,2020-03-20 12:27:53,"US jails begin releasing some inmates due to coronavirus concerns
https://t.co/ngkTK0AmD9",1240978366142074881,FoxNews
277,2020-03-20 01:57:06,"BREAKING: California Gov. Gavin Newsom has announced a ""statewide order"" for residents of the most populous state i… https://t.co/Hy2ACH8As5",1240819623186051072,FoxNews
278,2020-03-20 00:43:08,How you can help: Here are ways to donate to Italy as it works to recover from the coronavirus catastrophe. https://t.co/euE8c5uAAj,1240801009317879815,FoxNews
279,2020-03-19 23:35:32,The U.S. is seeing a spike in confirmed coronavirus cases -- as the number of tests ramps up. https://t.co/4Y5YspyXS4,1240783998193991684,FoxNews
